Workbook

Sheet Total
B2: Agente | C2: Monto | D2: Retiros | E2: Total
B3: Usuario 1 | C3: =SUMIFS('Hoja 2'!L:L,'Hoja 2'!C:C,B3) -> 0 | D3: 0 | E3: =C3-D3 -> 0 | I3: Mesa 1 | J3: =SUM(E3:E10) -> 0
B4: Usuario 2 | C4: =SUMIFS('Hoja 2'!L:L,'Hoja 2'!C:C,B4) -> 0 | D4: 0 | E4: =C4-D4 -> 0 | I4: Mesa 2 | J4: =SUM(E11:E17) -> 0
B5: Usuario 3 | C5: =SUMIFS('Hoja 2'!L:L,'Hoja 2'!C:C,B5) -> 0 | D5: 0 | E5: =C5-D5 -> 0
B6: Usuario 4 | C6: =SUMIFS('Hoja 2'!L:L,'Hoja 2'!C:C,B6) -> 0 | D6: 0 | E6: =C6-D6 -> 0
B7: Usuario 5 | C7: =SUMIFS('Hoja 2'!L:L,'Hoja 2'!C:C,B7) -> 0 | D7: 0 | E7: =C7-D7 -> 0
B8: Usuario 6 | C8: =SUMIFS('Hoja 2'!L:L,'Hoja 2'!C:C,B8) -> 0 | D8: 0 | E8: =C8-D8 -> 0
B9: Usuario 7 | C9: =SUMIFS('Hoja 2'!L:L,'Hoja 2'!C:C,B9) -> 0 | D9: 0 | E9: =C9-D9 -> 0
B10: Usuario 8 | C10: =SUMIFS('Hoja 2'!L:L,'Hoja 2'!C:C,B10) -> 0 | D10: 0 | E10: =C10-D10 -> 0
B11: Persona 1 | C11: =SUMIFS('Hoja 2'!L:L,'Hoja 2'!C:C,B11) -> 0 | D11: 0 | E11: =C11-D11 -> 0
B12: Persona 2 | C12: =SUMIFS('Hoja 2'!L:L,'Hoja 2'!C:C,B12) -> 0 | D12: 0 | E12: =C12-D12 -> 0
B13: Persona 3 | C13: =SUMIFS('Hoja 2'!L:L,'Hoja 2'!C:C,B13) -> 0 | D13: 0 | E13: =C13-D13 -> 0
B14: Persona 4 | C14: =SUMIFS('Hoja 2'!L:L,'Hoja 2'!C:C,B14) -> 0 | D14: 0 | E14: =C14-D14 -> 0
B15: Persona 5 | C15: =SUMIFS('Hoja 2'!L:L,'Hoja 2'!C:C,B15) -> 0 | D15: 0 | E15: =C15-D15 -> 0
B16: Persona 6 | C16: =SUMIFS('Hoja 2'!L:L,'Hoja 2'!C:C,B16) -> 0 | D16: 0 | E16: 0
B17: Persona 7 | C17: =SUMIFS('Hoja 2'!L:L,'Hoja 2'!C:C,B17) -> 0 | D17: 0 | E17: =C17-D17 -> 0
B18: Total | C18: =SUM(C3:C17) -> 0 | D18: =SUM(D4:D17) -> 0 | E18: =SUM(E3:E17) -> 0

Sheet Hoja 2
B1: No° | C1: AGENTE | D1: TP | E1: CLIENTE | F1: FECHA REALIZADO | G1: COBRO | H1: EQUIPO | I1: CAMPAÑA | J1: METODO | K1: FECHA INGRESO | L1: MONTO
B2: 1 | C2: Usuario 1 | D2: 102459 | E2: Roman Cruz Perez | F2: 46113 | G2: Solo | H2: TL 1 | I2: Facebook1 | J2: Binance | K2: 46113 | L2: 0
B3: 2 | C3: Usuario 2 | D3: 124013 | E3: Valentin Guerra Cansino | F3: 46113 | G3: Compartido | H3: Tl 2 | I3: Publicidad2 | J3: Western U | K3: 46113 | L3: 0
B4: 3 | C4: Usuario 3 | D4: 113762 | E4: Hector Armando Escoto Jauregui | F4: 46113 | G4: Solo | H4: TL 1 | I4: Publicidad vieja | J4: Pasarela | K4: 46113 | L4: 0
B5: 4 | C5: Usuario 4 | D5: 114489 | E5: Efren | F5: 46113 | G5: Compartido | H5: Tl 2 | I5: Facebook2 | J5: Binance | K5: 46113 | L5: 0
B6: 5 | C6: Usuario 5 | D6: 114489 | E6: Efren | F6: 46113 | G6: Solo | H6: TL 1 | I6: Publicidad3 | J6: Western U | K6: 46113 | L6: 0
B7: 6 | C7: Usuario 6 | D7: 114489 | E7: Efren | F7: 46113 | G7: Compartido | H7: Tl 2 | I7: Publicidad vieja | J7: Pasarela | K7: 46113 | L7: 0
B8: 7 | C8: Usuario 7 | D8: 161720 | E8: Aidita Rojas | F8: 46113 | G8: Solo | H8: TL 1 | I8: Facebook3 | J8: Binance | K8: 46113 | L8: 0
B9: 8 | C9: Usuario 8 | D9: 117665 | E9: Carmen Jesus Acudia | F9: 46118 | G9: Compartido | H9: Tl 2 | I9: Publicidad4 | J9: Western U | K9: 46118 | L9: 0
B10: 9 | C10: Persona 1 | D10: 126288 | E10: Eutiquio Garcia | F10: 46118 | G10: Solo | H10: TL 1 | I10: Publicidad vieja | J10: Pasarela | K10: 46118 | L10: 0
B11: 10 | C11: Persona 2 | D11: 104743 | E11: Gerardo Escamilla | F11: 46118 | G11: Compartido | H11: Tl 2 | I11: Facebook4 | J11: Binance | K11: 46118 | L11: 0
B12: 11 | C12: Persona 3 | D12: 121430 | E12: David Humberto Morales | F12: 46118 | G12: Solo | H12: TL 1 | I12: Publicidad5 | J12: Western U | K12: 46118 | L12: 0
B13: 12 | C13: Persona 4 | D13: 161608 | E13: Victor Adolfo Yanez | F13: 46119 | G13: Compartido | H13: Tl 2 | I13: Publicidad vieja | J13: Pasarela | K13: 46119 | L13: 0
... B60: 50 | C60: Persona 6 | D60: 103412 | E60: Miguel Perez | F60: 46140 | G60: Solo | H60: TL 1 | I60: Publicidad21 | J60: Western U | K60: 46140 | L60: 0
B61: 51
