Workbook

Sheet Form Responses 1
A1: Timestamp | B1: Fecha de deposito | C1: Agente | D1: Perfilado | E1: Ciclo | F1: solo o compartido | G1: Monto | H1: Comprobante
A2: 46146.686 | B2: 46146 | C2: Eloy Martinez | D2: Chloe Serrano | E2: Diamanteaff | F2: Solo | G2: 1000 | H2: https://drive.google.com/open?id=18wRhnm-OAYOtX2Qu7mlRV6DaxVYYg1X8
A3: 46146.697 | B3: 46146 | C3: Antony Gomez | D3: Abril Méndez | E3: Byberleadsaff | F3: Solo | G3: 500 | H3: https://drive.google.com/open?id=1-huD4m0tnRuqKX7rOWGfjKeHQKNSegTP
A4: 46146.697 | B4: 46146 | C4: Eloy Martinez | D4: Shamanta Correa | E4: Diamanteaff | F4: Solo | G4: 520 | H4: https://drive.google.com/open?id=1fEH8I_l6ApSSHA6-R5R6rrLeeRftHLlY
A5: 46146.698 | B5: 46143 | C5: Antony Gomez | D5: Julieta López | E5: Algoleadsaff | F5: Compartido | G5: 1000 | H5: https://drive.google.com/open?id=1rKHzRk6iBVLlKragLTMhTPTvyKGFjkIE

Sheet Tabla
B1: dia | C1: semana | D1: mes
A2: Eloy Martinez | B2: =SUMIFS(Base_Agregada!C:C, Base_Agregada!A:A,A2, Base_Agregada!B:B,TODAY()) -> 0 | C2: =SUMIFS( Base_Agregada!C:C, Base_Agregada!A:A,A2, Base_Agregada!D:D,WEEKNUM(TODAY(),2) ) -> 1520 | D2: =SUMIFS(Base_Agregada!C:C, Base_Agregada!A:A,A2, Base_Agregada!B:B,">="&DATE(YEAR(TODAY()),MONTH(TODAY()),1), Base_Agregada!B:B,"<"&DATE(YEAR(TODAY()),MONTH(TODAY())+1,1)) -> 1520
A3: Antony Gomez | B3: =SUMIFS(Base_Agregada!C:C, Base_Agregada!A:A,A3, Base_Agregada!B:B,TODAY()) -> 0 | C3: =SUMIFS( Base_Agregada!C:C, Base_Agregada!A:A,A3, Base_Agregada!D:D,WEEKNUM(TODAY(),2) ) -> 500 | D3: =SUMIFS(Base_Agregada!C:C, Base_Agregada!A:A,A3, Base_Agregada!B:B,">="&DATE(YEAR(TODAY()),MONTH(TODAY()),1), Base_Agregada!B:B,"<"&DATE(YEAR(TODAY()),MONTH(TODAY())+1,1)) -> 1500
A4: Jean Paul Martinez | B4: =SUMIFS(Base_Agregada!C:C, Base_Agregada!A:A,A4, Base_Agregada!B:B,TODAY()) -> 0 | C4: =SUMIFS( Base_Agregada!C:C, Base_Agregada!A:A,A4, Base_Agregada!D:D,WEEKNUM(TODAY(),2) ) -> 0 | D4: =SUMIFS(Base_Agregada!C:C, Base_Agregada!A:A,A4, Base_Agregada!B:B,">="&DATE(YEAR(TODAY()),MONTH(TODAY()),1), Base_Agregada!B:B,"<"&DATE(YEAR(TODAY()),MONTH(TODAY())+1,1)) -> 0 | H4: Equipos | I4: dia | J4: semana | K4: mes
A5: Angel David | B5: =SUMIFS(Base_Agregada!C:C, Base_Agregada!A:A,A5, Base_Agregada!B:B,TODAY()) -> 0 | C5: =SUMIFS( Base_Agregada!C:C, Base_Agregada!A:A,A5, Base_Agregada!D:D,WEEKNUM(TODAY(),2) ) -> 0 | D5: =SUMIFS(Base_Agregada!C:C, Base_Agregada!A:A,A5, Base_Agregada!B:B,">="&DATE(YEAR(TODAY()),MONTH(TODAY()),1), Base_Agregada!B:B,"<"&DATE(YEAR(TODAY()),MONTH(TODAY())+1,1)) -> 0 | H5: Elite Digital | I5: =SUMIFS( Base_Agregada!C:C, Base_Agregada!G:G,H5, Base_Agregada!F:F,TODAY() ) -> 0 | J5: =SUMIFS( Base_Agregada!C:C, Base_Agregada!G:G,H5, Base_Agregada!D:D,WEEKNUM(TODAY(),2) ) -> 2020 | K5: =SUMIFS( Base_Agregada!C:C, Base_Agregada!G:G,H5, Base_Agregada!F:F,">="&DATE(YEAR(TODAY()),MONTH(TODAY()),1), Base_Agregada!F:F,"<"&DATE(YEAR(TODAY()),MONTH(TODAY())+1,1) ) -> 3020
A6: Isaias Martinez | B6: =SUMIFS(Base_Agregada!C:C, Base_Agregada!A:A,A6, Base_Agregada!B:B,TODAY()) -> 0 | C6: =SUMIFS( Base_Agregada!C:C, Base_Agregada!A:A,A6, Base_Agregada!D:D,WEEKNUM(TODAY(),2) ) -> 0 | D6: =SUMIFS(Base_Agregada!C:C, Base_Agregada!A:A,A6, Base_Agregada!B:B,">="&DATE(YEAR(TODAY()),MONTH(TODAY()),1), Base_Agregada!B:B,"<"&DATE(YEAR(TODAY()),MONTH(TODAY())+1,1)) -> 0 | H6: Gamer | I6: =SUMIFS( Base_Agregada!C:C, Base_Agregada!G:G,H6, Base_Agregada!F:F,TODAY() ) -> 0 | J6: =SUMIFS( Base_Agregada!C:C, Base_Agregada!G:G,H6, Base_Agregada!D:D,WEEKNUM(TODAY(),2) ) -> 0 | K6: =SUMIFS( Base_Agregada!C:C, Base_Agregada!G:G,H6, Base_Agregada!F:F,">="&DATE(YEAR(TODAY()),MONTH(TODAY()),1), Base_Agregada!F:F,"<"&DATE(YEAR(TODAY()),MONTH(TODAY())+1,1) ) -> 0
A7: Marcelo Hernandez | B7: =SUMIFS(Base_Agregada!C:C, Base_Agregada!A:A,A7, Base_Agregada!B:B,TODAY()) -> 0 | C7: =SUMIFS( Base_Agregada!C:C, Base_Agregada!A:A,A7, Base_Agregada!D:D,WEEKNUM(TODAY(),2) ) -> 0 | D7: =SUMIFS(Base_Agregada!C:C, Base_Agregada!A:A,A7, Base_Agregada!B:B,">="&DATE(YEAR(TODAY()),MONTH(TODAY()),1), Base_Agregada!B:B,"<"&DATE(YEAR(TODAY()),MONTH(TODAY())+1,1)) -> 0 | H7: Zenit Inverts | I7: =SUMIFS( Base_Agregada!C:C, Base_Agregada!G:G,H7, Base_Agregada!F:F,TODAY() ) -> 0 | J7: =SUMIFS( Base_Agregada!C:C, Base_Agregada!G:G,H7, Base_Agregada!D:D,WEEKNUM(TODAY(),2) ) -> 0 | K7: =SUMIFS( Base_Agregada!C:C, Base_Agregada!G:G,H7, Base_Agregada!F:F,">="&DATE(YEAR(TODAY()),MONTH(TODAY()),1), Base_Agregada!F:F,"<"&DATE(YEAR(TODAY()),MONTH(TODAY())+1,1) ) -> 0
A8: Luis Carlos Ruiz | B8: =SUMIFS(Base_Agregada!C:C, Base_Agregada!A:A,A8, Base_Agregada!B:B,TODAY()) -> 0 | C8: =SUMIFS( Base_Agregada!C:C, Base_Agregada!A:A,A8, Base_Agregada!D:D,WEEKNUM(TODAY(),2) ) -> 0 | D8: =SUMIFS(Base_Agregada!C:C, Base_Agregada!A:A,A8, Base_Agregada!B:B,">="&DATE(YEAR(TODAY()),MONTH(TODAY()),1), Base_Agregada!B:B,"<"&DATE(YEAR(TODAY()),MONTH(TODAY())+1,1)) -> 0 | H8: Innova | I8: =SUMIFS( Base_Agregada!C:C, Base_Agregada!G:G,H8, Base_Agregada!F:F,TODAY() ) -> 0 | J8: =SUMIFS( Base_Agregada!C:C, Base_Agregada!G:G,H8, Base_Agregada!D:D,WEEKNUM(TODAY(),2) ) -> 0 | K8: =SUMIFS( Base_Agregada!C:C, Base_Agregada!G:G,H8, Base_Agregada!F:F,">="&DATE(YEAR(TODAY()),MONTH(TODAY()),1), Base_Agregada!F:F,"<"&DATE(YEAR(TODAY()),MONTH(TODAY())+1,1) ) -> 0
A9: Agatha Hernandez | B9: =SUMIFS(Base_Agregada!C:C, Base_Agregada!A:A,A9, Base_Agregada!B:B,TODAY()) -> 0 | C9: =SUMIFS( Base_Agregada!C:C, Base_Agregada!A:A,A9, Base_Agregada!D:D,WEEKNUM(TODAY(),2) ) -> 0 | D9: =SUMIFS(Base_Agregada!C:C, Base_Agregada!A:A,A9, Base_Agregada!B:B,">="&DATE(YEAR(TODAY()),MONTH(TODAY()),1), Base_Agregada!B:B,"<"&DATE(YEAR(TODAY()),MONTH(TODAY())+1,1)) -> 0
A10: Emily Garcia | B10: =SUMIFS(Base_Agregada!C:C, Base_Agregada!A:A,A10, Base_Agregada!B:B,TODAY()) -> 0 | C10: =SUMIFS( Base_Agregada!C:C, Base_Agregada!A:A,A10, Base_Agregada!D:D,WEEKNUM(TODAY(),2) ) -> 0 | D10: =SUMIFS(Base_Agregada!C:C, Base_Agregada!A:A,A10, Base_Agregada!B:B,">="&DATE(YEAR(TODAY()),MONTH(TODAY()),1), Base_Agregada!B:B,"<"&DATE(YEAR(TODAY()),MONTH(TODAY())+1,1)) -> 0
A11: Natasha Cardona | B11: =SUMIFS(Base_Agregada!C:C, Base_Agregada!A:A,A11, Base_Agregada!B:B,TODAY()) -> 0 | C11: =SUMIFS( Base_Agregada!C:C, Base_Agregada!A:A,A11, Base_Agregada!D:D,WEEKNUM(TODAY(),2) ) -> 0 | D11: =SUMIFS(Base_Agregada!C:C, Base_Agregada!A:A,A11, Base_Agregada!B:B,">="&DATE(YEAR(TODAY()),MONTH(TODAY()),1), Base_Agregada!B:B,"<"&DATE(YEAR(TODAY()),MONTH(TODAY())+1,1)) -> 0
A12: Maria Castro | B12: =SUMIFS(Base_Agregada!C:C, Base_Agregada!A:A,A12, Base_Agregada!B:B,TODAY()) -> 0 | C12: =SUMIFS( Base_Agregada!C:C, Base_Agregada!A:A,A12, Base_Agregada!D:D,WEEKNUM(TODAY(),2) ) -> 0 | D12: =SUMIFS(Base_Agregada!C:C, Base_Agregada!A:A,A12, Base_Agregada!B:B,">="&DATE(YEAR(TODAY()),MONTH(TODAY()),1), Base_Agregada!B:B,"<"&DATE(YEAR(TODAY()),MONTH(TODAY())+1,1)) -> 0
A13: Julio Aguilar | B13: =SUMIFS(Base_Agregada!C:C, Base_Agregada!A:A,A13, Base_Agregada!B:B,TODAY()) -> 0 | C13: =SUMIFS( Base_Agregada!C:C, Base_Agregada!A:A,A13, Base_Agregada!D:D,WEEKNUM(TODAY(),2) ) -> 0 | D13: =SUMIFS(Base_Agregada!C:C, Base_Agregada!A:A,A13, Base_Agregada!B:B,">="&DATE(YEAR(TODAY()),MONTH(TODAY()),1), Base_Agregada!B:B,"<"&DATE(YEAR(TODAY()),MONTH(TODAY())+1,1)) -> 0
A14: Madison Gonzales | B14: =SUMIFS(Base_Agregada!C:C, Base_Agregada!A:A,A14, Base_Agregada!B:B,TODAY()) -> 0 | C14: =SUMIFS( Base_Agregada!C:C, Base_Agregada!A:A,A14, Base_Agregada!D:D,WEEKNUM(TODAY(),2) ) -> 0 | D14: =SUMIFS(Base_Agregada!C:C, Base_Agregada!A:A,A14, Base_Agregada!B:B,">="&DATE(YEAR(TODAY()),MONTH(TODAY()),1), Base_Agregada!B:B,"<"&DATE(YEAR(TODAY()),MONTH(TODAY())+1,1)) -> 0
A15: Abigail Torres | B15: =SUMIFS(Base_Agregada!C:C, Base_Agregada!A:A,A15, Base_Agregada!B:B,TODAY()) -> 0 | C15: =SUMIFS( Base_Agregada!C:C, Base_Agregada!A:A,A15, Base_Agregada!D:D,WEEKNUM(TODAY(),2) ) -> 0 | D15: =SUMIFS(Base_Agregada!C:C, Base_Agregada!A:A,A15, Base_Agregada!B:B,">="&DATE(YEAR(TODAY()),MONTH(TODAY()),1), Base_Agregada!B:B,"<"&DATE(YEAR(TODAY()),MONTH(TODAY())+1,1)) -> 0
A16: Luisa Cifuentes | B16: =SUMIFS(Base_Agregada!C:C, Base_Agregada!A:A,A16, Base_Agregada!B:B,TODAY()) -> 0 | C16: =SUMIFS( Base_Agregada!C:C, Base_Agregada!A:A,A16, Base_Agregada!D:D,WEEKNUM(TODAY(),2) ) -> 0 | D16: =SUMIFS(Base_Agregada!C:C, Base_Agregada!A:A,A16, Base_Agregada!B:B,">="&DATE(YEAR(TODAY()),MONTH(TODAY()),1), Base_Agregada!B:B,"<"&DATE(YEAR(TODAY()),MONTH(TODAY())+1,1)) -> 0
A17: total | B17: =SUM(B2:B16) -> 0 | C17: =SUM(C2:C16) -> 2020 | D17: =SUM(D2:D16) -> 3020

Sheet Base_Agregada
A2: =IFERROR(__xludf.DUMMYFUNCTION("QUERY('Form Responses 1'!A:H, ""SELECT C, B, SUM(G) WHERE G IS NOT NULL GROUP BY C, B LABEL C 'Agente', B 'Fecha', SUM(G) 'Monto'"",1)"),"Agente") -> Agente | B2: =IFERROR(__xludf.DUMMYFUNCTION("""COMPUTED_VALUE"""),"Fecha") -> Fecha | C2: =IFERROR(__xludf.DUMMYFUNCTION("""COMPUTED_VALUE"""),"Monto") -> Monto | D2: semana | E2: equipo | F2: fecha limpiua | G2: equipo limpio
A3: =IFERROR(__xludf.DUMMYFUNCTION("""COMPUTED_VALUE"""),"Antony Gomez") -> Antony Gomez | B3: =IFERROR(__xludf.DUMMYFUNCTION("""COMPUTED_VALUE"""),46143.0) -> 46143 | C3: =IFERROR(__xludf.DUMMYFUNCTION("""COMPUTED_VALUE"""),1000.0) -> 1000 | D3: =WEEKNUM(B3,2) -> 18 | E3: =VLOOKUP(A3,Equipos!A:B,2,FALSE) -> Elite Digital | F3: =INT(B3) -> 46143 | G3: =TRIM(UPPER(E3)) -> ELITE DIGITAL
A4: =IFERROR(__xludf.DUMMYFUNCTION("""COMPUTED_VALUE"""),"Antony Gomez") -> Antony Gomez | B4: =IFERROR(__xludf.DUMMYFUNCTION("""COMPUTED_VALUE"""),46146.0) -> 46146 | C4: =IFERROR(__xludf.DUMMYFUNCTION("""COMPUTED_VALUE"""),500.0) -> 500 | D4: =WEEKNUM(B4,2) -> 19 | E4: =VLOOKUP(A4,Equipos!A:B,2,FALSE) -> Elite Digital | F4: =INT(B4) -> 46146 | G4: =TRIM(UPPER(E4)) -> ELITE DIGITAL
A5: =IFERROR(__xludf.DUMMYFUNCTION("""COMPUTED_VALUE"""),"Eloy Martinez") -> Eloy Martinez | B5: =IFERROR(__xludf.DUMMYFUNCTION("""COMPUTED_VALUE"""),46146.0) -> 46146 | C5: =IFERROR(__xludf.DUMMYFUNCTION("""COMPUTED_VALUE"""),1520.0) -> 1520 | D5: =WEEKNUM(B5,2) -> 19 | E5: =VLOOKUP(A5,Equipos!A:B,2,FALSE) -> Elite Digital | F5: =INT(B5) -> 46146 | G5: =TRIM(UPPER(E5)) -> ELITE DIGITAL

Sheet Equipos
A1: Eloy Martinez | B1: Elite Digital
A2: Antony Gomez | B2: Elite Digital
A3: Jean Paul Martinez | B3: Elite Digital
A4: Angel David | B4: Elite Digital
A5: Isaias Martinez | B5: Gamer
A6: Marcelo Hernandez | B6: Gamer
A7: Luis Carlos Ruiz | B7: Gamer
A8: Agatha Hernandez | B8: Zenit Inverts
A9: Emily Garcia | B9: Zenit Inverts
A10: Natasha Cardona | B10: Zenit Inverts
A11: Maria Castro | B11: Zenit Inverts
A12: Julio Aguilar | B12: Zenit Inverts
... A15: Luisa Cifuentes | B15: Innova
